time,temperature_2m,relative_humidity_2m
2026-07-30 00:00:00,22.1,88
2026-07-30 01:00:00,21.9,90
2026-07-30 02:00:00,21.5,88
2026-07-30 03:00:00,21.2,90
2026-07-30 04:00:00,21.0,90
2026-07-30 05:00:00,21.8,88
2026-07-30 06:00:00,21.8,88
2026-07-30 07:00:00,22.4,82
2026-07-30 08:00:00,23.5,76
2026-07-30 09:00:00,24.7,71
2026-07-30 10:00:00,25.9,65
2026-07-30 11:00:00,27.2,57
2026-07-30 12:00:00,27.6,56
2026-07-30 13:00:00,28.1,58
2026-07-30 14:00:00,28.3,59
2026-07-30 15:00:00,25.3,72
2026-07-30 16:00:00,25.8,67
2026-07-30 17:00:00,25.7,68
2026-07-30 18:00:00,24.8,73
2026-07-30 19:00:00,24.2,73
2026-07-30 20:00:00,23.4,77
2026-07-30 21:00:00,22.9,80
2026-07-30 22:00:00,22.3,84
2026-07-30 23:00:00,22.4,85
2026-07-31 00:00:00,22.1,87
2026-07-31 01:00:00,21.9,88
2026-07-31 02:00:00,21.8,89
2026-07-31 03:00:00,21.7,88
2026-07-31 04:00:00,21.5,88
2026-07-31 05:00:00,21.6,89
2026-07-31 06:00:00,21.8,88
2026-07-31 07:00:00,23.1,83
2026-07-31 08:00:00,24.4,75
2026-07-31 09:00:00,25.6,69
2026-07-31 10:00:00,27.0,62
2026-07-31 11:00:00,28.1,58
2026-07-31 12:00:00,28.8,53
2026-07-31 13:00:00,28.9,53
2026-07-31 14:00:00,28.7,57
2026-07-31 15:00:00,27.4,62
2026-07-31 16:00:00,26.7,61
2026-07-31 17:00:00,27.4,56
2026-07-31 18:00:00,24.6,73
2026-07-31 19:00:00,23.6,77
2026-07-31 20:00:00,23.2,79
2026-07-31 21:00:00,22.3,85
2026-07-31 22:00:00,22.0,91
2026-07-31 23:00:00,22.5,88
2026-08-01 00:00:00,22.3,87
2026-08-01 01:00:00,21.9,89
2026-08-01 02:00:00,21.7,89
2026-08-01 03:00:00,21.3,90
2026-08-01 04:00:00,21.2,91
2026-08-01 05:00:00,21.6,94
2026-08-01 06:00:00,21.7,93
2026-08-01 07:00:00,22.1,91
2026-08-01 08:00:00,22.8,86
2026-08-01 09:00:00,24.4,74
2026-08-01 10:00:00,25.6,68
2026-08-01 11:00:00,25.3,71
2026-08-01 12:00:00,25.8,67
2026-08-01 13:00:00,25.9,66
2026-08-01 14:00:00,27.3,62
2026-08-01 15:00:00,24.2,76
2026-08-01 16:00:00,23.9,82
2026-08-01 17:00:00,25.9,67
2026-08-01 18:00:00,22.2,91
2026-08-01 19:00:00,21.9,91
2026-08-01 20:00:00,22.1,90
2026-08-01 21:00:00,21.9,89
2026-08-01 22:00:00,21.7,89
2026-08-01 23:00:00,22.5,85
2026-08-02 00:00:00,22.1,87
2026-08-02 01:00:00,21.7,87
2026-08-02 02:00:00,21.6,87
2026-08-02 03:00:00,21.3,89
2026-08-02 04:00:00,21.2,90
2026-08-02 05:00:00,21.7,89
2026-08-02 06:00:00,21.4,91
2026-08-02 07:00:00,22.0,88
2026-08-02 08:00:00,22.8,83
2026-08-02 09:00:00,23.6,79
2026-08-02 10:00:00,24.7,72
2026-08-02 11:00:00,27.0,64
2026-08-02 12:00:00,28.9,56
2026-08-02 13:00:00,28.9,53
2026-08-02 14:00:00,28.6,52
2026-08-02 15:00:00,28.4,53
2026-08-02 16:00:00,28.3,53
2026-08-02 17:00:00,27.4,56
2026-08-02 18:00:00,25.7,64
2026-08-02 19:00:00,25.0,69
2026-08-02 20:00:00,23.8,77
2026-08-02 21:00:00,22.9,81
2026-08-02 22:00:00,22.2,87
2026-08-02 23:00:00,22.2,91
2026-08-03 00:00:00,21.9,91
2026-08-03 01:00:00,21.4,91
2026-08-03 02:00:00,21.3,93
2026-08-03 03:00:00,21.1,95
2026-08-03 04:00:00,21.1,95
2026-08-03 05:00:00,21.3,95
2026-08-03 06:00:00,21.2,95
2026-08-03 07:00:00,22.1,88
2026-08-03 08:00:00,23.5,79
2026-08-03 09:00:00,24.9,71
2026-08-03 10:00:00,26.1,65
2026-08-03 11:00:00,26.1,64
2026-08-03 12:00:00,25.6,64
2026-08-03 13:00:00,24.6,76
2026-08-03 14:00:00,25.8,69
2026-08-03 15:00:00,22.6,87
2026-08-03 16:00:00,23.3,88
2026-08-03 17:00:00,25.6,66
2026-08-03 18:00:00,24.6,74
2026-08-03 19:00:00,24.4,73
2026-08-03 20:00:00,23.6,75
2026-08-03 21:00:00,22.7,83
2026-08-03 22:00:00,22.2,85
2026-08-03 23:00:00,22.0,91
2026-08-04 00:00:00,21.5,93
2026-08-04 01:00:00,21.3,93
2026-08-04 02:00:00,21.0,95
2026-08-04 03:00:00,20.7,97
2026-08-04 04:00:00,20.6,95
2026-08-04 05:00:00,20.7,95
2026-08-04 06:00:00,20.5,95
2026-08-04 07:00:00,21.5,89
2026-08-04 08:00:00,23.3,77
2026-08-04 09:00:00,24.6,70
2026-08-04 10:00:00,25.2,69
2026-08-04 11:00:00,26.0,64
2026-08-04 12:00:00,24.4,72
2026-08-04 13:00:00,27.1,62
2026-08-04 14:00:00,27.9,60
2026-08-04 15:00:00,28.0,58
2026-08-04 16:00:00,22.7,87
2026-08-04 17:00:00,23.6,85
2026-08-04 18:00:00,21.7,96
2026-08-04 19:00:00,21.0,96
2026-08-04 20:00:00,20.9,97
2026-08-04 21:00:00,20.9,97
2026-08-04 22:00:00,20.8,95
2026-08-04 23:00:00,20.7,96
2026-08-05 00:00:00,20.4,96
2026-08-05 01:00:00,20.4,97
2026-08-05 02:00:00,20.3,98
2026-08-05 03:00:00,20.3,97
2026-08-05 04:00:00,20.3,97
2026-08-05 05:00:00,20.4,97
2026-08-05 06:00:00,20.4,97
2026-08-05 07:00:00,21.2,92
2026-08-05 08:00:00,22.5,84
2026-08-05 09:00:00,24.0,80
2026-08-05 10:00:00,25.7,70
2026-08-05 11:00:00,26.5,65
2026-08-05 12:00:00,27.2,63
2026-08-05 13:00:00,26.3,62
2026-08-05 14:00:00,26.0,70
2026-08-05 15:00:00,23.8,79
2026-08-05 16:00:00,23.9,85
2026-08-05 17:00:00,25.3,73
2026-08-05 18:00:00,24.5,71
2026-08-05 19:00:00,22.6,83
2026-08-05 20:00:00,21.9,90
2026-08-05 21:00:00,21.6,94
2026-08-05 22:00:00,21.4,96
2026-08-05 23:00:00,21.7,93
2026-08-06 00:00:00,21.1,94
2026-08-06 01:00:00,20.5,96
2026-08-06 02:00:00,20.3,98
2026-08-06 03:00:00,20.2,98
2026-08-06 04:00:00,20.2,97
2026-08-06 05:00:00,20.4,96
2026-08-06 06:00:00,20.3,96
2026-08-06 07:00:00,21.4,91
2026-08-06 08:00:00,23.0,81
2026-08-06 09:00:00,24.0,74
2026-08-06 10:00:00,25.1,69
2026-08-06 11:00:00,26.3,62
2026-08-06 12:00:00,26.2,64
2026-08-06 13:00:00,27.3,60
2026-08-06 14:00:00,24.1,74
2026-08-06 15:00:00,24.1,82
2026-08-06 16:00:00,22.4,90
2026-08-06 17:00:00,22.9,87
2026-08-06 18:00:00,22.6,91
2026-08-06 19:00:00,22.4,89
2026-08-06 20:00:00,21.9,87
2026-08-06 21:00:00,21.6,88
2026-08-06 22:00:00,21.2,89
2026-08-06 23:00:00,21.4,88
2026-08-07 00:00:00,21.1,89
2026-08-07 01:00:00,21.0,89
2026-08-07 02:00:00,20.8,91
2026-08-07 03:00:00,20.8,91
2026-08-07 04:00:00,20.6,93
2026-08-07 05:00:00,20.7,95
2026-08-07 06:00:00,20.6,95
2026-08-07 07:00:00,21.3,92
2026-08-07 08:00:00,22.2,84
2026-08-07 09:00:00,23.6,80
2026-08-07 10:00:00,24.9,74
2026-08-07 11:00:00,25.4,70
2026-08-07 12:00:00,25.5,69
2026-08-07 13:00:00,27.5,62
2026-08-07 14:00:00,22.5,87
2026-08-07 15:00:00,22.5,94
2026-08-07 16:00:00,21.4,88
2026-08-07 17:00:00,22.0,93
2026-08-07 18:00:00,21.5,94
2026-08-07 19:00:00,21.2,94
2026-08-07 20:00:00,20.7,95
2026-08-07 21:00:00,20.7,96
2026-08-07 22:00:00,20.9,95
2026-08-07 23:00:00,21.3,94
2026-08-08 00:00:00,21.1,93
2026-08-08 01:00:00,21.0,93
2026-08-08 02:00:00,20.8,92
2026-08-08 03:00:00,20.5,92
2026-08-08 04:00:00,20.4,92
2026-08-08 05:00:00,21.0,91
2026-08-08 06:00:00,20.9,91
2026-08-08 07:00:00,22.0,87
2026-08-08 08:00:00,22.7,81
2026-08-08 09:00:00,24.0,74
2026-08-08 10:00:00,25.0,72
2026-08-08 11:00:00,26.6,63
2026-08-08 12:00:00,24.8,70
2026-08-08 13:00:00,25.0,72
2026-08-08 14:00:00,25.8,70
2026-08-08 15:00:00,25.9,69
2026-08-08 16:00:00,24.2,74
2026-08-08 17:00:00,24.4,78
2026-08-08 18:00:00,24.1,76
2026-08-08 19:00:00,22.5,84
2026-08-08 20:00:00,21.6,89
2026-08-08 21:00:00,22.0,90
2026-08-08 22:00:00,21.8,90
2026-08-08 23:00:00,21.6,90
2026-08-09 00:00:00,20.9,92
2026-08-09 01:00:00,20.8,92
2026-08-09 02:00:00,20.7,94
2026-08-09 03:00:00,20.6,94
2026-08-09 04:00:00,20.5,93
2026-08-09 05:00:00,20.5,94
2026-08-09 06:00:00,20.6,94
2026-08-09 07:00:00,21.7,88
2026-08-09 08:00:00,23.2,79
2026-08-09 09:00:00,24.4,74
2026-08-09 10:00:00,25.2,71
2026-08-09 11:00:00,25.8,67
2026-08-09 12:00:00,26.9,63
2026-08-09 13:00:00,28.1,60
2026-08-09 14:00:00,28.1,59
2026-08-09 15:00:00,28.3,57
2026-08-09 16:00:00,28.0,58
2026-08-09 17:00:00,26.6,61
2026-08-09 18:00:00,25.4,68
2026-08-09 19:00:00,24.1,74
2026-08-09 20:00:00,23.4,78
2026-08-09 21:00:00,23.1,80
2026-08-09 22:00:00,22.7,83
2026-08-09 23:00:00,21.8,87
2026-08-10 00:00:00,21.2,89
2026-08-10 01:00:00,20.7,92
2026-08-10 02:00:00,20.4,94
2026-08-10 03:00:00,20.1,95
2026-08-10 04:00:00,20.0,96
2026-08-10 05:00:00,20.5,94
2026-08-10 06:00:00,20.5,94
2026-08-10 07:00:00,21.3,90
2026-08-10 08:00:00,23.1,79
2026-08-10 09:00:00,24.3,73
2026-08-10 10:00:00,25.3,69
2026-08-10 11:00:00,26.8,61
2026-08-10 12:00:00,28.0,56
2026-08-10 13:00:00,28.2,55
2026-08-10 14:00:00,28.8,54
2026-08-10 15:00:00,28.3,56
2026-08-10 16:00:00,25.1,76
2026-08-10 17:00:00,26.1,68
2026-08-10 18:00:00,24.6,77
2026-08-10 19:00:00,23.3,85
2026-08-10 20:00:00,22.9,87
2026-08-10 21:00:00,22.1,92
2026-08-10 22:00:00,22.1,93
2026-08-10 23:00:00,21.7,94
2026-08-11 00:00:00,21.5,95
2026-08-11 01:00:00,21.2,96
2026-08-11 02:00:00,20.9,96
2026-08-11 03:00:00,20.6,96
2026-08-11 04:00:00,20.4,97
2026-08-11 05:00:00,20.3,95
2026-08-11 06:00:00,20.6,94
2026-08-11 07:00:00,21.2,91
2026-08-11 08:00:00,22.9,81
2026-08-11 09:00:00,24.2,75
2026-08-11 10:00:00,25.3,70
2026-08-11 11:00:00,26.1,63
2026-08-11 12:00:00,26.9,60
2026-08-11 13:00:00,27.7,59
2026-08-11 14:00:00,28.1,60
2026-08-11 15:00:00,28.3,58
2026-08-11 16:00:00,28.1,58
2026-08-11 17:00:00,26.0,64
2026-08-11 18:00:00,25.5,69
2026-08-11 19:00:00,24.6,73
2026-08-11 20:00:00,23.8,76
2026-08-11 21:00:00,23.1,78
2026-08-11 22:00:00,22.3,81
2026-08-11 23:00:00,22.1,84
2026-08-12 00:00:00,21.5,87
2026-08-12 01:00:00,21.1,89
2026-08-12 02:00:00,20.7,91
2026-08-12 03:00:00,20.5,90
2026-08-12 04:00:00,20.2,91
2026-08-12 05:00:00,20.4,93
2026-08-12 06:00:00,20.3,93
2026-08-12 07:00:00,21.3,88
2026-08-12 08:00:00,23.0,78
2026-08-12 09:00:00,24.4,69
2026-08-12 10:00:00,25.5,64
2026-08-12 11:00:00,26.9,59
2026-08-12 12:00:00,27.7,59
2026-08-12 13:00:00,28.4,57
2026-08-12 14:00:00,28.7,55
2026-08-12 15:00:00,28.7,52
2026-08-12 16:00:00,26.8,63
2026-08-12 17:00:00,26.7,63
2026-08-12 18:00:00,25.8,67
2026-08-12 19:00:00,24.7,72
2026-08-12 20:00:00,24.3,74
2026-08-12 21:00:00,23.2,76
2026-08-12 22:00:00,22.5,81
2026-08-12 23:00:00,22.2,83
2026-08-13 00:00:00,21.8,86
2026-08-13 01:00:00,21.6,87
2026-08-13 02:00:00,21.6,88
2026-08-13 03:00:00,21.3,88
2026-08-13 04:00:00,21.0,89
2026-08-13 05:00:00,21.1,91
2026-08-13 06:00:00,20.9,92
2026-08-13 07:00:00,21.9,87
2026-08-13 08:00:00,23.5,77
2026-08-13 09:00:00,24.3,73
2026-08-13 10:00:00,25.4,68
2026-08-13 11:00:00,27.0,60
2026-08-13 12:00:00,28.0,57
2026-08-13 13:00:00,28.9,55
2026-08-13 14:00:00,28.8,56
2026-08-13 15:00:00,27.1,61
2026-08-13 16:00:00,27.4,60
2026-08-13 17:00:00,27.2,58
2026-08-13 18:00:00,25.1,68
2026-08-13 19:00:00,23.1,84
2026-08-13 20:00:00,22.3,89
2026-08-13 21:00:00,22.3,90
2026-08-13 22:00:00,22.1,86
2026-08-13 23:00:00,22.0,85
2026-08-14 00:00:00,21.5,87
2026-08-14 01:00:00,21.0,89
2026-08-14 02:00:00,20.7,92
2026-08-14 03:00:00,20.5,94
2026-08-14 04:00:00,20.3,95
2026-08-14 05:00:00,20.3,93
2026-08-14 06:00:00,20.1,94
2026-08-14 07:00:00,21.3,88
2026-08-14 08:00:00,23.5,76
2026-08-14 09:00:00,24.7,69
2026-08-14 10:00:00,25.8,65
2026-08-14 11:00:00,27.0,58
2026-08-14 12:00:00,27.5,57
2026-08-14 13:00:00,28.7,55
2026-08-14 14:00:00,29.5,53
2026-08-14 15:00:00,27.8,57
2026-08-14 16:00:00,26.7,63
2026-08-14 17:00:00,27.2,55
2026-08-14 18:00:00,26.2,60
2026-08-14 19:00:00,24.7,70
2026-08-14 20:00:00,22.4,84
2026-08-14 21:00:00,21.9,90
2026-08-14 22:00:00,22.1,88
2026-08-14 23:00:00,22.4,84
2026-08-15 00:00:00,21.7,87
2026-08-15 01:00:00,21.5,87
2026-08-15 02:00:00,21.1,89
2026-08-15 03:00:00,20.8,91
2026-08-15 04:00:00,20.5,92
2026-08-15 05:00:00,20.5,92
2026-08-15 06:00:00,20.4,92
2026-08-15 07:00:00,21.4,86
2026-08-15 08:00:00,23.3,73
2026-08-15 09:00:00,24.9,65
2026-08-15 10:00:00,25.8,60
2026-08-15 11:00:00,26.3,59
2026-08-15 12:00:00,28.0,54
2026-08-15 13:00:00,28.9,50
2026-08-15 14:00:00,29.3,49
2026-08-15 15:00:00,28.2,52
2026-08-15 16:00:00,28.3,51
2026-08-15 17:00:00,28.1,49
2026-08-15 18:00:00,26.6,55
2026-08-15 19:00:00,25.3,62
2026-08-15 20:00:00,24.3,69
2026-08-15 21:00:00,23.3,73
2026-08-15 22:00:00,22.6,78
2026-08-15 23:00:00,22.3,81
2026-08-16 00:00:00,21.7,83
2026-08-16 01:00:00,21.3,86
2026-08-16 02:00:00,20.9,88
2026-08-16 03:00:00,20.7,88
2026-08-16 04:00:00,20.4,89
2026-08-16 05:00:00,20.7,89
2026-08-16 06:00:00,20.5,91
2026-08-16 07:00:00,21.8,83
2026-08-16 08:00:00,23.7,71
2026-08-16 09:00:00,25.3,62
2026-08-16 10:00:00,27.2,54
2026-08-16 11:00:00,28.1,50
2026-08-16 12:00:00,28.8,51
2026-08-16 13:00:00,29.6,48
2026-08-16 14:00:00,30.7,43
2026-08-16 15:00:00,29.2,47
2026-08-16 16:00:00,27.9,55
2026-08-16 17:00:00,27.7,53
2026-08-16 18:00:00,26.9,57
2026-08-16 19:00:00,25.9,61
2026-08-16 20:00:00,24.8,68
2026-08-16 21:00:00,24.0,72
2026-08-16 22:00:00,23.0,75
2026-08-16 23:00:00,22.8,77
2026-08-17 00:00:00,21.9,81
2026-08-17 01:00:00,21.3,85
2026-08-17 02:00:00,20.7,88
2026-08-17 03:00:00,20.3,91
2026-08-17 04:00:00,20.1,92
2026-08-17 05:00:00,21.0,89
2026-08-17 06:00:00,20.7,91
2026-08-17 07:00:00,21.8,84
2026-08-17 08:00:00,23.4,74
2026-08-17 09:00:00,25.3,63
2026-08-17 10:00:00,26.8,56
2026-08-17 11:00:00,27.0,57
2026-08-17 12:00:00,27.8,54
2026-08-17 13:00:00,29.0,50
2026-08-17 14:00:00,29.4,47
2026-08-17 15:00:00,29.5,46
2026-08-17 16:00:00,28.4,50
2026-08-17 17:00:00,26.8,55
2026-08-17 18:00:00,25.0,65
2026-08-17 19:00:00,24.5,71
2026-08-17 20:00:00,23.5,75
2026-08-17 21:00:00,23.0,80
2026-08-17 22:00:00,22.5,81
2026-08-17 23:00:00,22.2,81
2026-08-18 00:00:00,21.4,86
2026-08-18 01:00:00,21.0,87
2026-08-18 02:00:00,20.7,89
2026-08-18 03:00:00,20.2,89
2026-08-18 04:00:00,19.9,90
2026-08-18 05:00:00,20.4,90
2026-08-18 06:00:00,20.3,92
2026-08-18 07:00:00,21.5,85
2026-08-18 08:00:00,23.4,74
2026-08-18 09:00:00,24.7,66
2026-08-18 10:00:00,26.3,59
2026-08-18 11:00:00,27.8,54
2026-08-18 12:00:00,28.5,54
2026-08-18 13:00:00,29.5,50
2026-08-18 14:00:00,29.9,49
2026-08-18 15:00:00,29.9,50
2026-08-18 16:00:00,26.0,67
2026-08-18 17:00:00,27.0,61
2026-08-18 18:00:00,25.6,65
2026-08-18 19:00:00,25.0,70
2026-08-18 20:00:00,24.4,74
2026-08-18 21:00:00,23.7,76
2026-08-18 22:00:00,23.1,78
2026-08-18 23:00:00,22.8,82
2026-08-19 00:00:00,22.4,85
2026-08-19 01:00:00,22.3,85
2026-08-19 02:00:00,21.7,89
2026-08-19 03:00:00,21.6,88
2026-08-19 04:00:00,21.4,88
2026-08-19 05:00:00,21.4,87
2026-08-19 06:00:00,21.2,88
2026-08-19 07:00:00,22.2,83
2026-08-19 08:00:00,23.9,73
2026-08-19 09:00:00,24.5,70
2026-08-19 10:00:00,26.3,61
2026-08-19 11:00:00,27.2,58
2026-08-19 12:00:00,27.0,57
2026-08-19 13:00:00,28.3,56
2026-08-19 14:00:00,26.4,63
2026-08-19 15:00:00,26.4,67
2026-08-19 16:00:00,24.0,76
2026-08-19 17:00:00,24.5,77
2026-08-19 18:00:00,23.8,84
2026-08-19 19:00:00,23.5,85
2026-08-19 20:00:00,23.5,85
2026-08-19 21:00:00,23.1,85
2026-08-19 22:00:00,22.8,86
2026-08-19 23:00:00,22.4,90
2026-08-20 00:00:00,21.5,92
2026-08-20 01:00:00,21.6,93
2026-08-20 02:00:00,21.4,93
2026-08-20 03:00:00,21.2,94
2026-08-20 04:00:00,21.0,94
2026-08-20 05:00:00,20.9,94
2026-08-20 06:00:00,20.9,93
2026-08-20 07:00:00,21.6,89
2026-08-20 08:00:00,23.2,81
2026-08-20 09:00:00,24.8,73
2026-08-20 10:00:00,25.1,72
2026-08-20 11:00:00,25.7,67
2026-08-20 12:00:00,27.7,61
2026-08-20 13:00:00,27.8,58
2026-08-20 14:00:00,26.4,64
2026-08-20 15:00:00,25.9,67
2026-08-20 16:00:00,24.6,80
2026-08-20 17:00:00,24.0,79
2026-08-20 18:00:00,22.9,86
2026-08-20 19:00:00,22.5,88
2026-08-20 20:00:00,21.8,91
2026-08-20 21:00:00,21.7,91
2026-08-20 22:00:00,21.3,90
2026-08-20 23:00:00,20.8,91
2026-08-21 00:00:00,20.4,92
2026-08-21 01:00:00,20.1,93
2026-08-21 02:00:00,19.9,93
2026-08-21 03:00:00,19.8,95
2026-08-21 04:00:00,20.1,93
2026-08-21 05:00:00,20.3,92
2026-08-21 06:00:00,20.5,91
2026-08-21 07:00:00,21.2,87
2026-08-21 08:00:00,22.7,77
2026-08-21 09:00:00,23.9,71
2026-08-21 10:00:00,25.1,65
2026-08-21 11:00:00,26.0,61
2026-08-21 12:00:00,27.5,56
2026-08-21 13:00:00,28.3,53
2026-08-21 14:00:00,28.5,52
2026-08-21 15:00:00,28.5,52
2026-08-21 16:00:00,27.5,55
2026-08-21 17:00:00,26.7,56
2026-08-21 18:00:00,24.8,66
2026-08-21 19:00:00,23.5,73
2026-08-21 20:00:00,22.8,73
2026-08-21 21:00:00,21.8,77
2026-08-21 22:00:00,21.0,81
2026-08-21 23:00:00,20.4,87
2026-08-22 00:00:00,20.0,90
2026-08-22 01:00:00,19.7,92
2026-08-22 02:00:00,19.7,92
2026-08-22 03:00:00,19.6,92
2026-08-22 04:00:00,19.8,91
2026-08-22 05:00:00,20.4,88
2026-08-22 06:00:00,20.6,88
2026-08-22 07:00:00,20.9,88
2026-08-22 08:00:00,22.6,78
2026-08-22 09:00:00,23.7,71
2026-08-22 10:00:00,24.2,69
2026-08-22 11:00:00,25.9,62
2026-08-22 12:00:00,27.6,54
2026-08-22 13:00:00,28.0,53
2026-08-22 14:00:00,26.1,61
2026-08-22 15:00:00,26.6,65
2026-08-22 16:00:00,27.7,59
2026-08-22 17:00:00,25.5,70
2026-08-22 18:00:00,25.1,71
2026-08-22 19:00:00,24.0,74
2026-08-22 20:00:00,23.2,78
2026-08-22 21:00:00,22.3,82
2026-08-22 22:00:00,21.5,86
2026-08-22 23:00:00,20.9,89
2026-08-23 00:00:00,20.4,91
2026-08-23 01:00:00,20.1,93
2026-08-23 02:00:00,19.8,94
2026-08-23 03:00:00,19.8,93
2026-08-23 04:00:00,20.0,92
2026-08-23 05:00:00,20.2,90
2026-08-23 06:00:00,20.4,89
2026-08-23 07:00:00,21.2,85
2026-08-23 08:00:00,23.2,73
2026-08-23 09:00:00,24.2,69
2026-08-23 10:00:00,25.3,65
2026-08-23 11:00:00,26.2,61
2026-08-23 12:00:00,27.1,58
2026-08-23 13:00:00,28.4,53
2026-08-23 14:00:00,27.6,57
2026-08-23 15:00:00,26.8,63
2026-08-23 16:00:00,24.3,74
2026-08-23 17:00:00,23.6,84
2026-08-23 18:00:00,22.9,87
2026-08-23 19:00:00,21.4,93
2026-08-23 20:00:00,21.2,92
2026-08-23 21:00:00,21.3,92
2026-08-23 22:00:00,21.0,93
2026-08-23 23:00:00,20.6,94
2026-08-24 00:00:00,20.5,93
2026-08-24 01:00:00,20.6,92
2026-08-24 02:00:00,20.7,90
2026-08-24 03:00:00,20.7,90
2026-08-24 04:00:00,20.7,89
2026-08-24 05:00:00,20.9,88
2026-08-24 06:00:00,21.3,87
2026-08-24 07:00:00,21.8,85
2026-08-24 08:00:00,22.5,81
2026-08-24 09:00:00,23.7,75
2026-08-24 10:00:00,25.2,67
2026-08-24 11:00:00,26.3,62
2026-08-24 12:00:00,26.8,60
2026-08-24 13:00:00,27.0,60
2026-08-24 14:00:00,26.6,63
2026-08-24 15:00:00,25.3,70
2026-08-24 16:00:00,23.5,80
2026-08-24 17:00:00,22.2,88
2026-08-24 18:00:00,21.9,91
2026-08-24 19:00:00,22.1,90
2026-08-24 20:00:00,22.2,89
2026-08-24 21:00:00,21.9,89
2026-08-24 22:00:00,21.4,90
2026-08-24 23:00:00,21.1,90
2026-08-25 00:00:00,20.8,91
2026-08-25 01:00:00,20.6,91
2026-08-25 02:00:00,20.5,91
2026-08-25 03:00:00,20.5,90
2026-08-25 04:00:00,20.6,89
2026-08-25 05:00:00,20.7,88
2026-08-25 06:00:00,20.8,89
2026-08-25 07:00:00,21.0,89
2026-08-25 08:00:00,21.6,87
2026-08-25 09:00:00,22.9,79
2026-08-25 10:00:00,24.6,71
2026-08-25 11:00:00,26.0,64
2026-08-25 12:00:00,27.0,61
2026-08-25 13:00:00,27.7,60
2026-08-25 14:00:00,27.7,60
2026-08-25 15:00:00,26.6,65
2026-08-25 16:00:00,24.8,74
2026-08-25 17:00:00,23.2,81
2026-08-25 18:00:00,22.3,86
2026-08-25 19:00:00,21.6,89
2026-08-25 20:00:00,21.1,91
2026-08-25 21:00:00,20.9,93
2026-08-25 22:00:00,20.8,93
2026-08-25 23:00:00,20.8,92
2026-08-26 00:00:00,20.6,93
2026-08-26 01:00:00,20.5,93
2026-08-26 02:00:00,20.4,93
2026-08-26 03:00:00,20.0,93
2026-08-26 04:00:00,20.1,91
2026-08-26 05:00:00,20.4,89
2026-08-26 06:00:00,21.0,85
2026-08-26 07:00:00,22.0,81
2026-08-26 08:00:00,23.1,75
2026-08-26 09:00:00,24.2,71
2026-08-26 10:00:00,25.2,67
2026-08-26 11:00:00,25.9,64
2026-08-26 12:00:00,26.3,63
2026-08-26 13:00:00,26.6,62
2026-08-26 14:00:00,26.8,61
2026-08-26 15:00:00,26.9,62
2026-08-26 16:00:00,26.7,63
2026-08-26 17:00:00,26.4,64
2026-08-26 18:00:00,25.8,66
2026-08-26 19:00:00,24.9,70
2026-08-26 20:00:00,23.7,76
2026-08-26 21:00:00,22.6,81
2026-08-26 22:00:00,21.7,86
2026-08-26 23:00:00,21.0,90
